﻿{"cameraMode":{"drawMode":0,"name":"Shaded","section":"Shading Mode"},"sceneLighting":true,"audioPlay":false,"sceneViewState":{"showFog":true,"showMaterialUpdate":false,"showSkybox":true,"showFlares":true,"showImageEffects":true,"showParticleSystems":true},"in2DMode":false,"pivot":{"x":-10.733915328979493,"y":16.390796661376954,"z":-12.808334350585938},"rotation":{"x":0.04679284244775772,"y":0.004490237683057785,"z":-0.00021031498908996582,"w":0.9988945126533508},"size":44.49215316772461,"orthographic":false}