﻿{"cameraMode":{"drawMode":0,"name":"Shaded","section":"Shading Mode"},"sceneLighting":false,"audioPlay":false,"sceneViewState":{"showFog":true,"showMaterialUpdate":false,"showSkybox":false,"showFlares":true,"showImageEffects":true,"showParticleSystems":true},"in2DMode":false,"pivot":{"x":13.656515121459961,"y":0.7271651029586792,"z":8.934791564941407},"rotation":{"x":-0.07642553746700287,"y":0.001200188766233623,"z":-0.00009199355554301292,"w":-0.9970746040344238},"size":17.759164810180665,"orthographic":false}